Symbol,Name,Last Price,Sector / Category,Type,Exchange
^NSEI,NIFTY 50,"23,997.55",--,Indices,NSI
^CNXPSUBANK,NIFTY PSU BANK,"8,482.60",--,Indices,NSI
^NSEBANK,NIFTY BANK,"54,863.35",--,Indices,NSI
^CNX100,NIFTY 100,"24,896.00",--,Indices,NSI
NI15.NS,NIFTY GROWSECT 15,"10,948.00",--,Indices,NSI
^CNXCMDT,NIFTY COMMODITIES,"10,238.10",--,Indices,NSI
NIFTY500MOMENTM50.NS,NIFTY500MOMENTM50,"51,758.85",--,Indices,NSI
NV20.NS,NIFTY50 VALUE 20,"12,260.75",--,Indices,NSI
NIFTY_M150_QLTY50.NS,NIFTY M150 QLTY50,"23,260.05",--,Indices,NSI
NIFTYALPHALOWVOL.NS,NIFTY ALPHALOWVOL,"25,710.15",--,Indices,NSI
NIFTYGS11TO15YR.NS,NIFTY GS 11 15YR,"3,228.54",--,Indices,NSI
NIFTY100_ESG.NS,NIFTY100 ESG,"4,834.30",--,Indices,NSI
^CNXFIN,NIFTY FINSRV25 50,"27,958.55",--,Indices,NSI
NIFTYMIDLIQ15.NS,NIFTY MID LIQ 15,"15,940.25",--,Indices,NSI
NIFTY_MIDCAP_100.NS,NIFTY MIDCAP 100,"59,784.85",--,Indices,NSI
NIFTYPR1XINV.NS,NIFTY50 PR 1X INV,218.95,--,Indices,NSI
^CNXMEDIA,NIFTY MEDIA,"1,456.00",--,Indices,NSI
NIFTY_HEALTHCARE.NS,NIFTY HEALTHCARE,"14,918.40",--,Indices,NSI
NIFTY_FIN_SERVICE.NS,NIFTY FIN SERVICE,"25,657.35",--,Indices,NSI
^CNXFMCG,NIFTY FMCG,"51,072.10",--,Indices,NSI
NIFTY_TOTAL_MKT.NS,NIFTY TOTAL MKT,"12,761.50",--,Indices,NSI
^CNXDIVOP,NIFTY DIV OPPS 50,"6,056.40",--,Indices,NSI
NIFTYTR1XINV.NS,NIFTY50 TR 1X INV,178.95,--,Indices,NSI
^CNXREALTY,NIFTY REALTY,793.55,--,Indices,NSI
^CNXMNC,NIFTY MNC,"31,886.60",--,Indices,NSI
NIFTY_IND_DIGITAL.NS,NIFTY IND DIGITAL,"7,760.60",--,Indices,NSI
NIFTYGS10YR.NS,NIFTY GS 10YR,"2,594.86",--,Indices,NSI
NIFTYMIDSML400.NS,NIFTY MIDSML 400,"20,064.95",--,Indices,NSI
^CRSLDX,NIFTY 500,"22,683.55",--,Indices,NSI
NIFTY100LOWVOL30.NS,NIFTY100 LOWVOL30,"19,652.30",--,Indices,NSI
NIFTY100_EQL_WGT.NS,NIFTY100 EQL WGT,"33,571.15",--,Indices,NSI
NIFTYGSCOMPOSITE.NS,NIFTY GS COMPSITE,"3,039.37",--,Indices,NSI
NIFTYGS8TO13YR.NS,NIFTY GS 8 13YR,"2,958.21",--,Indices,NSI
NIFTYGS10YRCLN.NS,NIFTY GS 10YR CLN,865.79,--,Indices,NSI
^CNXINFRA,NIFTY INFRA,"9,419.35",--,Indices,NSI
NIFTYM150MOMNTM50.NS,NIFTYM150MOMNTM50,"61,128.35",--,Indices,NSI
DE000SLA38D8.SG,--,"1,888.15",--,Indices,STU
NIFTYPR2XLEV.NS,NIFTY50 PR 2X LEV,"12,059.75",--,Indices,NSI
NIFTY_CONSR_DURBL.NS,NIFTY CONSR DURBL,"37,273.00",--,Indices,NSI
^CNXPHARMA,NIFTY PHARMA,"23,267.70",--,Indices,NSI
NIFTYALPHA50.NS,NIFTY ALPHA 50,"50,876.15",--,Indices,NSI
DE000SLA39S4.SG,--,240.98,--,Indices,STU
NIFTY200_ALPHA_30.NS,NIFTY200 ALPHA 30,"25,013.20",--,Indices,NSI
NIFTY_LARGEMID250.NS,NIFTY LARGEMID250,"16,181.90",--,Indices,NSI
^CNXSC,NIFTY SMLCAP 100,"18,007.15",--,Indices,NSI
^NSEDIV,NIFTY50 DIV POINT,5.53,--,Indices,NSI
^CNXSERVICE,NIFTY SERV SECTOR,"30,248.40",--,Indices,NSI
NIFTY_MID_SELECT.NS,NIFTY MID SELECT,"13,826.00",--,Indices,NSI
^CNXPSE,NIFTY PSE,"10,629.05",--,Indices,NSI
NIFTY500_MULTICAP.NS,NIFTY500 MULTICAP,"15,892.95",--,Indices,NSI
^NSMIDCP,NIFTY NEXT 50,"69,643.90",--,Indices,NSI
NIFTY50EQUALWEIGHT.NS,NIFTY50 EQL WGT,"32,264.45",--,Indices,NSI
NIFTYQUALITY30.NS,NIFTY100 QUALTY30,"5,556.55",--,Indices,NSI
NIFTYGS15YRPLUS.NS,NIFTY GS 15YRPLUS,"3,434.21",--,Indices,NSI
^CNXMETAL,NIFTY METAL,"12,833.05",--,Indices,NSI
NIFTY_INDIA_MFG.NS,NIFTY INDIA MFG,"15,550.30",--,Indices,NSI
^CNXAUTO,NIFTY AUTO,"25,917.60",--,Indices,NSI
NIFTYSMLCAP250.NS,NIFTY SMLCAP 250,"16,731.20",--,Indices,NSI
^CNXIT,NIFTY IT,"29,353.90",--,Indices,NSI
NIFTYMIDCAP150.NS,NIFTY MIDCAP 150,"22,000.05",--,Indices,NSI
^CNXENERGY,NIFTY ENERGY,"40,771.90",--,Indices,NSI
^CNXCONSUM,NIFTY CONSUMPTION,"11,417.30",--,Indices,NSI
NIFTY_PVT_BANK.NS,NIFTY PVT BANK,"26,281.75",--,Indices,NSI
LIX15.NS,NIFTY100 LIQ 15,"7,255.40",--,Indices,NSI
NIFTYSMLCAP50.NS,NIFTY SMLCAP 50,"8,786.60",--,Indices,NSI
^NSEMDCP50,NIFTY MIDCAP 50,"16,882.50",--,Indices,NSI
NIFTY200QUALTY30.NS,NIFTY200 QUALTY30,"20,153.90",--,Indices,NSI
NIFTYTR2XLEV.NS,NIFTY50 TR 2X LEV,"18,096.45",--,Indices,NSI
NIFTY_CPSE.NS,NIFTY CPSE,"7,456.25",--,Indices,NSI
NIFTYGS4TO8YR.NS,NIFTY GS 4 8YR,"3,235.86",--,Indices,NSI
NIFTY100ESGSECLDR.NS,NIFTY100ESGSECLDR,"4,005.00",--,Indices,NSI
NIFTY200MOMENTM30.NS,NIFTY200MOMENTM30,"30,157.90",--,Indices,NSI
NIFTY_MICROCAP250.NS,NIFTY MICROCAP250,"22,963.70",--,Indices,NSI
^CNX200,NIFTY 200,"13,705.55",--,Indices,NSI
NIFTY_OIL_AND_GAS.NS,NIFTY OIL AND GAS,"11,694.65",--,Indices,NSI
NIFTY_TOP_20_EW.NS,NIFTY TOP 20 EW,"8,694.65",--,Indices,NSI
NIFTY_SML250_Q50.NS,NIFTY SML250 Q50,"24,721.10",--,Indices,NSI
NIFTY_HIGHBETA_50.NS,NIFTY HIGHBETA 50,"4,074.80",--,Indices,NSI
NIFTY_NEW_CONSUMP.NS,NIFTY NEW CONSUMP,"10,929.15",--,Indices,NSI
NIFTY_MS_IND_CONS.NS,NIFTY MS IND CONS,"17,711.90",--,Indices,NSI
NIFTY_AQLV_30.NS,NIFTY AQLV 30,"20,025.55",--,Indices,NSI
NIFTY500_VALUE_50.NS,NIFTY500 VALUE 50,"16,554.20",--,Indices,NSI
NIFTY_SHARIAH_25.NS,NIFTY SHARIAH 25,"7,795.10",--,Indices,NSI
NIFTY_CORP_MAATR.NS,NIFTY CORP MAATR,"37,968.20",--,Indices,NSI
NIFTY_RAILWAYSPSU.NS,NIFTY RAILWAYSPSU,"3,209.80",--,Indices,NSI
NIFTY_FPI_150.NS,NIFTY FPI 150,"1,532.65",--,Indices,NSI
NIFTY500_SHARIAH.NS,NIFTY500 SHARIAH,"6,819.50",--,Indices,NSI
NIFTY_CAPITAL_MKT.NS,NIFTY CAPITAL MKT,"5,238.05",--,Indices,NSI
NIFTY_TATA_25_CAP.NS,NIFTY TATA 25 CAP,"14,676.60",--,Indices,NSI
NIFTY500_LOWVOL50.NS,NIFTY500 LOWVOL50,"22,153.70",--,Indices,NSI
NIFTY_NONCYC_CONS.NS,NIFTY NONCYC CONS,"14,851.55",--,Indices,NSI
NIFTY_MULTI_MQ_50.NS,NIFTY MULTI MQ 50,"41,572.00",--,Indices,NSI
NIFTY_INTERNET.NS,NIFTY INTERNET,"1,210.00",--,Indices,NSI
NIFTY_AQL_30.NS,NIFTY AQL 30,"22,193.35",--,Indices,NSI
NIFTYMS400_MQ_100.NS,NIFTYMS400 MQ 100,"49,320.80",--,Indices,NSI
NIFTY_TMMQ_50.NS,NIFTY TMMQ 50,"42,896.45",--,Indices,NSI
NIFTY_TOP_10_EW.NS,NIFTY TOP 10 EW,"8,718.55",--,Indices,NSI
NIFTY_MS_IT_TELCM.NS,NIFTY MS IT TELCM,"8,532.15",--,Indices,NSI
NIFTY50_SHARIAH.NS,NIFTY50 SHARIAH,"4,339.15",--,Indices,NSI
NIFTY500_EW.NS,NIFTY500 EW,"14,162.70",--,Indices,NSI
NIFTY_TMMQ_50.NS,NIFTY TMMQ 50,"42,896.45",--,Indices,NSI
NIFTY_MOBILITY.NS,NIFTY MOBILITY,"21,271.80",--,Indices,NSI
NIFTY_QLTY_LV_30.NS,NIFTY QLTY LV 30,"16,310.40",--,Indices,NSI
NIFTY_RURAL.NS,NIFTY RURAL,"15,298.95",--,Indices,NSI
NIFTY500_HEALTH.NS,NIFTY500 HEALTH,"19,002.85",--,Indices,NSI
NIFTY500_FLEXICAP.NS,NIFTY500 FLEXICAP,"9,681.65",--,Indices,NSI
NIFTY500_QLTY50.NS,NIFTY500 QLTY50,"19,406.70",--,Indices,NSI
NIFTY_WAVES.NS,NIFTY WAVES,"1,946.15",--,Indices,NSI
NIFTY_EV.NS,NIFTY EV,"2,995.85",--,Indices,NSI
NIFTY_IPO.NS,NIFTY IPO,"2,128.55",--,Indices,NSI
NIFTY_CHEMICALS.NS,NIFTY CHEMICALS,"28,480.50",--,Indices,NSI
NIFTY_INFRALOG.NS,NIFTY INFRALOG,"11,945.50",--,Indices,NSI
NIFTY_IND_TOURISM.NS,NIFTY IND TOURISM,"7,332.70",--,Indices,NSI
NIFTY200_VALUE_30.NS,NIFTY200 VALUE 30,"15,509.35",--,Indices,NSI
NIFTY_HOUSING.NS,NIFTY HOUSING,"11,888.95",--,Indices,NSI
NIFTY_TOP_15_EW.NS,NIFTY TOP 15 EW,"9,811.10",--,Indices,NSI
NIFTY100_ALPHA_30.NS,NIFTY100 ALPHA 30,"17,642.10",--,Indices,NSI
NIFTY50_USD.NS,NIFTY50 USD,"8,767.05",--,Indices,NSI
NIFTY_MS_FIN_SERV.NS,NIFTY MS FIN SERV,"21,227.40",--,Indices,NSI
NIFTY_COREHOUSING.NS,NIFTY COREHOUSING,"14,747.25",--,Indices,NSI
NIFTY_FINSEREXBNK.NS,NIFTY FINSEREXBNK,"30,858.35",--,Indices,NSI
NIFTY500_MQVLV50.NS,NIFTY500 MQVLV50,"30,891.30",--,Indices,NSI
NIFTY_TRANS_LOGIS.NS,NIFTY TRANS LOGIS,"23,584.35",--,Indices,NSI
NIFTY_MULTI_INFRA.NS,NIFTY MULTI INFRA,"14,416.95",--,Indices,NSI
NIFTY100_ENH_ESG.NS,NIFTY100 ENH ESG,"4,868.60",--,Indices,NSI
NIFTY500_LMS_EQL.NS,NIFTY500 LMS EQL,"17,626.15",--,Indices,NSI
NIFTY_LOW_VOL_50.NS,NIFTY LOW VOL 50,"24,173.95",--,Indices,NSI
NIFTY_IND_DEFENCE.NS,NIFTY IND DEFENCE,"8,973.45",--,Indices,NSI
NIFTY_MULTI_MFG.NS,NIFTY MULTI MFG,"16,020.65",--,Indices,NSI
NIFTY_MIDSML_HLTH.NS,NIFTY MIDSML HLTH,"44,973.80",--,Indices,NSI
NIFTYCONGLOMERATE.NS,NIFTYCONGLOMERATE,"14,509.05",--,Indices,NSI
NIFTYSML250MQ_100.NS,NIFTYSML250MQ 100,"44,045.40",--,Indices,NSI
^BSESN,S&P BSE SENSEX,"76,913.50",--,Indices,BSE
0P00001G5J.BO,0P00001G5J.BO,"76,913.50",--,Indices,BSE
SNSX50.BO,S&P BSE SENSEX 50 Index,"25,100.65",--,Indices,BSE
SNXT50.BO,S&P BSE SENSEX Next 50 Index,"83,874.69",--,Indices,BSE
SNSX60.BO,BSE SENSEX SIXTY,"32,506.41",--,Indices,BSE
SS6535.BO,BSE SENSEX SIXTY 65:35,"33,557.42",--,Indices,BSE
SENEQW.BO,BSE SENSEX EQUAL WEIGHT,"78,058.71",--,Indices,BSE
SNXN30.BO,BSE SENSEX NEXT 30,"41,245.39",--,Indices,BSE